EntrezGeneID1|EntrezGeneID2
26039|6597
1855|8312
5604|8837
10672|7046
26227|2885
5879|4627
3309|27000
3275|6256
4627|54822
1017|3398
7157|2648
5747|1605
51393|7442
8452|4976
5921|309
5747|4193
960|573
7532|8451
996|996
2537|351
5566|1385
2885|6764
54984|7430
55759|55759
4851|5664
2549|5829
3171|1832
6714|4133
1020|351
5871|6416
2063|2063
4221|25942
3265|8036
25836|5538
4087|23557
1213|409
5599|6464
3064|83737
5300|4303
324|598
25855|351
79791|595
3981|1278
2771|5581
4086|2648
1017|9113
5594|7157
10987|9097
10987|81620
3667|55023
7531|3983
5581|6868
6777|351
1831|3065
10987|7186
5601|9031
5914|23411
328|6418
5530|6257
5606|9479
23263|6194
3801|10540
7013|28988
1956|6850
396|637
1956|2274
26227|6453
3309|23636
5594|1978
1832|5663
4615|4088
9344|5606
4616|983
3685|7040
23411|4092
7414|10381
55294|55294
975|6418
4214|10049
2316|7532
1855|1499
6934|7248
23411|3309
1856|7126
7046|7040
1017|57591
6464|7175
1017|3983
8452|8450
10592|25942
1956|5802
5829|102
1956|5604
3688|7414
2274|10522
10987|79791
10987|7001
1278|960
409|10381
396|1967
4609|4609
3398|5925
5663|348
3925|5568
409|6714
3309|6667
26524|4851
7046|4087
5663|7046
5970|595
8820|9612
1027|1019
7157|1958
1739|23095
351|4609
1385|3066
4282|54984
4627|8767
409|1019
409|5594
7416|7416
4085|4085
2752|10114
11130|9183
351|4763
6667|23636
3265|8315
408|6093
7157|83737
1385|1051
864|4851
4976|664
8312|7248
23394|23212
4216|5604
5932|5932
5609|9479
2064|983
28996|28996
23043|23287
5599|23411
5300|55201
4983|5879
7155|983
5292|6502
581|255488
6259|2049
5581|8682
1856|3309
2885|3983
408|1213
5595|6667
4088|5371
998|4294
1365|5566
10381|55023
4193|6872
1020|55083
4086|4853
4087|93649
7531|23476
1029|598
5058|5879
23126|10459
23481|23481
3476|4282
4193|6597
5925|3065
5925|996
1948|8892
3066|3301
3064|4294
5608|5970
2885|7532
8841|2874
5058|10174
6881|6881
9531|10174
4792|4792
2316|960
10381|2885
3643|3643
4214|387
9577|7157
3516|55031
2309|9181
1017|5604
10159|387
7184|3309
8452|2730
3091|6714
9618|1499
1499|4771
2274|7157
23363|23363
3845|351
8841|7155
23411|9611
5747|6714
4609|5601
4000|9031
10253|10252
3655|351
1017|16
2885|26999
27086|7157
5728|331
8837|4088
7531|6885
1017|1603
4087|5601
7161|81620
2316|4000
5566|5568
6386|8408
8837|7157
998|23580
836|637
1499|604
324|4646
27086|27086
25942|5970
3309|10542
2011|23303
5371|5300
2885|5530
3654|9618
10460|3832
57142|6714
8452|3251
648|10270
253980|387
8613|351
6850|5296
3064|2885
1385|818
8525|3265
6648|7001
4734|6198
27429|4976
6881|2648
1956|7531
5594|5925
2885|5747
3065|7431
5599|3725
604|6597
1956|8892
1956|2771
648|6733
5530|998
10253|2885
2778|60626
5871|7186
28996|3065
3065|5087
1027|7531
9612|1051
23133|5914
4609|128239
23162|9479
4221|4221
84447|4627
55294|4644
2889|2885
3309|7186
3065|5914
7067|8841
1977|7189
2549|6464
4092|4734
3309|3398
8315|8315
10783|10783
7057|7422
51377|1832
4627|7126
7186|7531
4734|1020
1032|595
9451|9451
8312|28996
10987|6194
196403|196403
6667|5599
5911|9448
5058|961
5664|320
79594|207
5728|6386
1017|55636
6774|4086
5581|1832
23705|6386
10987|5052
8841|5087
23411|6720
3667|5291
581|331
5728|5728
7013|396
9479|5599
208|842
2274|7189
3725|408
6774|3066
6774|26039
54984|7013
472|79791
1019|3832
598|842
409|4214
4609|3066
10381|7018
7046|9043
3309|5728
5581|7416
4851|9253
7186|9821
1956|5594
5300|2280
4170|637
9611|2874
5664|6717
4087|476
23542|10939
23560|23212
5424|891
4193|5932
153090|207
6198|983
5422|7157
1017|3832
10051|3981
2752|2885
6885|9448
207|8682
5292|5300
6774|5970
7048|7189
3065|4609
6497|23411
409|6733
8829|8829
10987|6464
1385|7157
23580|2274
10540|81929
595|996
196|9612
9612|8841
6667|4609
8452|488
409|7531
1856|387
3655|6464
26524|7532
25942|25855
2064|6774
396|6714
1385|6196
8452|7431
4217|11315
7157|23481
6794|1967
1499|3065
5728|7157
4193|467
9918|64151
3925|54984
1017|7175
5594|3845
8451|7184
328|382
10592|3065
8452|23636
7430|9368
10049|351
9821|6497
27429|9113
2274|5991
323|538
331|836
5058|7431
2534|23028
207|25998
8697|983
1051|7157
2768|9826
5154|6667
7430|8767
4000|1499
3064|3708
10987|351
4087|4976
5601|207
5594|6464
4000|4000
2309|1499
334|5601
331|7332
55715|23028
1017|8450
2534|3655
8452|476
1017|2950
9612|1874
5119|5119
23043|6885
4853|3516
26999|10163
6453|8867
5991|5991
10776|351
1213|7532
23236|5594
5728|5608
10755|54910
3064|1499
79594|79594
3725|667
4792|5300
7531|7040
10987|6597
6794|2011
3685|7057
5530|5728
3064|51100
10783|6198
5581|581
2898|6386
6850|7189
10763|7431
4204|6497
3265|51196
5300|1017
9821|4217
54820|983
5594|3091
5594|2950
6502|1017
23263|23405
5296|351
5728|10381
5595|7421
10939|351
4771|9368
2316|2778
5911|5911
1956|7186
10818|10253
387|5566
6714|7430
7531|9181
5599|56940
5300|5914
391|4089
467|7157
983|3832
26524|324
1017|3925
1017|85440
2308|23411
1909|4170
3065|8820
23363|3066
4771|6386
4088|57669
2274|2274
328|27339
1017|5595
3516|5087
10672|9826
2305|23481
4609|7157
7189|998
6885|1213
25855|10049
3725|6872
3516|9612
4000|665
4296|5604
5604|5604
3065|6872
10600|10600
5915|6095
4296|5300
2746|7189
5581|6774
8613|8613
1017|7414
10460|55740
83737|2885
309|7416
207|208
5290|10049
25855|6872
6416|83737
328|328
7431|333
387|5879
5601|5601
5594|5970
207|6453
54463|351
328|3364
3065|23394
3775|3775
1017|4646
9531|51499
8451|4771
7408|4038
1977|23191
4609|7531
4087|1855
8567|8567
2736|6497
9618|4627
6929|7421
3725|3065
23411|3066
10818|2549
5829|57630
408|1909
2768|351
3364|5423
4091|4734
1027|7532
27086|93986
23405|23411
2885|5921
4628|4628
7001|351
6868|1739
9821|5747
55740|5594
1017|2806
6714|7157
472|7189
4217|6885
8451|23405
573|8841
1958|5307
1958|3725
5978|25942
2874|3832
408|1856
5609|4217
7189|6714
23236|2776
23542|5606
22821|351
2885|2316
3397|2626
23162|5604
208|2309
6498|9611
4609|1051
10076|2771
1874|983
11315|57669
2624|5371
1029|6667
1739|320
5604|5595
29072|7157
4214|6416
1845|1956
5290|8525
891|1027
2065|4734
1956|8301
983|64151
207|5140
5925|6670
4088|1499
4771|5058
7186|331
1020|3925
5371|8841
3984|9113
836|836
25942|10542
1017|6714
9618|23028
891|2308
5291|5728
6623|5599
3667|2885
100|2908
6259|57534
6196|3725
1855|83737
6714|26271
23043|6648
8452|604
648|55083
4133|5566
1499|4221
6667|7040
4616|5608
4627|3728
5595|6868
3981|2950
1956|8893
3643|55715
196|6714
114609|114609
3398|5599
1840|196403
5608|5608
5601|23542
331|10572
9618|4216
4087|4091
23363|9031
1017|3309
23542|8650
23363|7430
6714|22920
6256|1499
7157|6794
10987|81929
7423|7423
2889|6714
23363|10763
23028|23028
7189|7430
10459|6868
2932|1978
2064|5781
29117|4609
4204|25942
5970|3066
2534|836
5879|998
5595|5599
5914|8841
4085|6386
5921|2065
7157|5371
1956|3309
331|842
3275|6885
83737|79176
2885|5716
351|43
309|7419
983|2305
9821|8567
6464|2889
55715|5921
2908|573
7186|79594
396|5566
1017|2308
5663|7001
3925|5058
595|8841
2932|4853
8867|1213
7157|9611
4609|8036
3066|328
7161|3066
60626|60626
8861|5925
5728|4628
6310|2274
2534|9826
1718|3265
8408|8408
2274|23126
26039|26574
7013|60626
3688|5581
2885|5660
7157|604
2736|1385
207|9479
10782|2885
2534|1500
4216|4216
983|23411
3685|5594
2885|2885
491|1739
10572|3925
4214|4628
2280|4092
1017|4628
2316|85458
3654|6774
8416|351
208|836
23411|891
1948|2049
6885|6416
4193|7175
10987|5936
5058|90
408|4905
4296|6416
5426|891
3265|10522
6720|6720
57045|652
3516|351
6597|3516
3675|8754
8452|26227
4615|5052
4851|3065
5581|5581
2064|23542
10987|9451
1874|5108
5781|1499
9794|23133
648|6597
5087|6929
10987|2950
2011|2932
2908|3065
4205|4087
6310|6720
7161|4734
6498|5371
351|348
5217|6093
3667|25970
23542|80824
2305|6774
9183|5716
10987|7184
8452|4076
5925|4609
9371|351
7416|7419
3309|6885
5604|57448
55201|11186
2932|2932
23133|6872
10987|3728
2902|5747
25855|3066
6720|472
4294|1213
65018|3654
8452|83737
6194|1977
5211|5568
2902|5581
9344|5608
2932|9826
2932|7248
3654|476
207|1213
23363|5108
4193|7157
1874|3065
3065|5371
54820|81565
408|4734
81930|2305
408|5606
2534|1499
5581|774
8452|8452
8452|11188
476|8890
23230|2534
1017|4087
1956|5606
4193|9113
5594|2626
4088|7018
2011|65018
3643|382
408|3984
7189|8408
6095|10987
2316|3688
91|91
4086|864
10987|1027
891|1017
26524|4853
1020|4205
23363|23047
9531|2549
3801|10152
5594|408
5606|9043
7046|4089
2752|79058
3725|8820
208|5728
27429|7431
23028|5925
4000|6720
1017|6905
28988|1019
996|10459
4205|467
5058|9181
1977|4609
6194|6196
4792|5970
1499|1500
1020|5925
1605|4133
10494|9107
351|4905
4216|5606
16|4436
64802|351
207|334
351|9479
5307|57048
5594|5594
51377|6418
4086|4221
7013|23191
207|3309
10163|5424
6198|6194
6733|6733
219771|7532
4627|1213
8452|55023
836|7431
1019|351
5566|6714
4089|4205
8767|8767
5664|5664
3265|3643
23411|8890
6376|6376
10488|10987
7157|79594
5566|6310
6777|16
5371|9611
6714|6198
5594|5609
1956|10540
4087|3725
1956|6464
4000|6198
54984|7332
598|637
9531|5660
2932|208
864|4193
7023|7157
55715|5747
4091|4615
4217|7531
1020|2534
23411|6794
9183|4436
29072|29072
207|7531
7023|6667
4087|3065
81565|81565
4076|5747
23162|54106
2011|7531
396|7430
3065|4193
4609|10270
1956|5599
7416|1213
51065|6194
6774|6885
4204|9611
7023|2063
6714|1909
26524|55327
57591|57591
208|3667
6934|5663
975|975
1840|4214
23236|23236
5609|4216
5595|891
60626|10672
6929|6651
5292|5292
4851|55534
5566|7157
4133|2534
8450|25942
573|10049
4088|2908
4088|9611
54820|7532
4089|9611
4086|579
8452|2885
7532|27339
9451|3309
472|5932
351|320
5595|6720
4089|4089
7431|7531
81565|85458
9101|2885
7186|5601
2065|1958
2316|6416
8452|25998
1956|818
5663|5663
4609|8754
10987|2885
4193|6198
5716|3091
4615|6850
387|7430
2908|7026
4616|5609
6259|10163
1027|387
8450|1019
5599|6256
1956|8890
5609|56940
5595|4665
3280|5581
7018|7025
1476|54984
7189|5663
4792|468
7423|7422
8301|57706
25998|25998
23411|476
1017|4088
1499|6386
2534|3265
1739|2898
960|1956
8892|351
1017|5932
4088|4734
6774|65018
7048|960
5058|7532
7186|4217
5921|3265
84876|84876
23411|1855
7532|5048
4609|5594
2316|4627
5819|25945
1958|5728
5371|6256
6667|983
2885|5781
5296|5781
5566|6794
409|4792
1948|1603
3066|864
10114|3725
5936|7175
2626|3066
6597|7155
8450|5936
10488|79594
54984|4076
4193|7430
23557|5568
51100|9097
409|4193
3688|7422
5371|6667
5087|2648
4088|6497
9531|7416
2885|324
1051|5915
2932|4193
5595|6929
5716|4193
2885|2549
1739|23303
1977|7414
43|5048
27113|7157
1017|667
488|7189
3301|34
23043|667
5594|4088
5422|7155
3643|25970
10459|23405
7048|891
3280|3397
8450|81620
2316|975
5728|6194
2932|6256
409|382
8451|55023
9113|351
10783|9918
51377|351
1956|10592
4088|25942
5970|6872
1017|51065
1019|5663
4193|1029
4282|7414
3091|4088
6502|4683
207|975
8312|6498
1385|5991
11186|23028
8312|85458
6464|6777
4303|5601
4092|6885
2309|6502
1490|7040
6881|5211
7040|351
2274|23411
8841|4092
9821|9474
23363|8086
8312|2778
8841|1874
2624|3725
4282|8837
324|5566
7164|7164
3654|3654
23162|4214
2908|6774
5371|1956
29072|4088
10672|2768
2316|4214
4609|10592
9612|5914
6667|3064
2885|351
3801|7186
3688|3688
6416|5601
4609|3516
391|7046
10163|5879
11040|4193
8525|5925
10163|2885
7018|7018
5371|23411
2065|3084
3981|7332
6453|998
5594|6929
11315|5728
208|2308
25942|7157
2932|4170
6733|9324
4089|6597
28988|9821
8451|7157
1062|5108
1051|6774
351|5663
2885|6850
3516|996
6497|7046
983|983
4734|5728
5566|5970
3725|573
6310|9611
891|996
10763|983
998|7048
4088|7048
9531|7430
5978|9611
114609|4615
4851|1840
4615|54106
4087|4087
6251|351
5728|1832
3065|7161
5747|2064
7161|28996
1855|1856
4628|8767
3202|5087
9097|5716
7157|328
8301|4646
3655|8754
64783|8841
3913|6774
26271|8697
6774|7189
8450|351
6714|7048
7013|9324
396|5599
3801|81565
4133|5048
5581|960
7046|9618
5663|1499
3728|324
25988|25836
3624|3624
8891|8893
939|7186
7248|23028
5606|4217
6714|8841
4609|5052
5058|7046
2118|6794
5300|2281
10987|1832
1956|8086
51377|5716
996|8697
81620|6502
1739|4646
1956|5595
55294|2932
4204|3065
23126|283489
7013|4627
207|6310
3685|3688
7026|2063
5601|10494
5292|4609
2274|28996
6464|3309
351|11104
1017|26524
3476|5829
6774|5925
10818|1956
3476|818
7531|4214
9618|196403
5594|6670
1029|595
9113|83737
9935|9935
6256|6597
23047|23047
3064|7175
5915|7025
23133|996
9531|3064
2308|5925
1017|4644
8829|7423
1020|81565
5058|4214
55740|55740
10114|7026
51100|6714
1051|6196
1278|5154
4087|6497
5914|7155
5728|6093
5599|891
6786|57620
467|467
6502|6929
387|5568
3091|2274
5970|9043
57142|10449
9076|9076
1857|10174
4089|1499
409|2316
1020|5604
10449|7532
10159|10488
3309|648
1948|5290
81620|5601
1956|9479
382|6905
182|55294
7040|8425
1499|9821
80725|10174
5599|5604
5716|5925
3667|5601
8841|25855
23513|324
8450|5052
468|3725
5601|4294
387|2011
1020|3064
3091|1499
408|4792
2626|6667
3516|84934
5594|10818
9918|10051
3981|4683
23363|1832
4170|5594
4092|7048
9612|25942
408|6416
5601|9479
4000|6418
7421|4193
5566|960
23236|3707
23287|25776
6714|1956
8452|1499
4193|2778
6934|3728
2549|3643
4851|6868
6257|7184
6416|7408
1385|5568
6597|1051
6386|93986
2309|5595
5925|196
8841|6667
6774|3065
208|1978
2308|6502
573|5914
6667|25942
8841|6497
4734|5243
836|5601
11104|8452
7157|5530
1956|1956
6256|2063
1956|8891
396|1027
1956|6667
4086|28996
7189|9253
3643|6777
25942|2874
26999|4089
5566|6256
207|57630
9076|1365
2889|5781
7189|5664
1956|1718
4088|4221
408|7431
4085|6868
664|665
84447|7157
55294|5978
6310|23126
7013|983
2534|3667
2908|7332
23411|1856
5914|6714
2549|2011
5595|57591
4734|6498
7013|23028
55159|351
23363|6194
7013|10381
4734|10494
408|8525
4091|91
3688|8754
9101|3064
2049|2049
7532|81565
5921|2049
10540|9183
7442|7442
4087|207
836|24145
7157|23363
9531|10252
23162|5747
207|351
4088|6597
5594|7421
3065|3309
2932|4851
1956|2549
6667|7155
83737|4087
8450|6194
4609|64783
1857|1499
1499|6929
7023|29117
8452|10381
1855|29117
5594|10370
3309|7189
25855|8452
6667|5978
409|23481
10051|10592
983|7248
5566|7442
27230|351
1365|2885
2932|6720
6885|28996
3516|51763
7332|255488
102|1739
123879|8451
4170|65018
6885|472
3309|4214
5599|5599
6885|5608
23363|23212
5914|6497
5300|5970
409|9826
4088|7431
8450|23077
208|6310
4088|4976
331|7046
7248|891
23363|1213
3572|2064
7532|7013
3643|3667
5371|7067
23363|3309
9531|9531
4609|9113
6794|7531
26999|5879
81620|2309
10494|9344
10051|25942
3306|8767
7027|1874
6256|5914
323|351
5604|6196
9821|6498
5970|1029
5090|51100
9531|983
1385|28996
6667|3065
207|6733
1739|8322
3801|5300
6498|2752
26227|351
998|836
10370|5747
3066|3309
7431|8767
9611|7421
4088|3725
1017|382
7013|472
5594|4294
5879|5747
2309|4087
2274|351
1017|7431
1017|4000
7421|9324
208|5291
5292|351
7186|56923
4294|9479
10987|1017
595|891
2908|6714
2316|998
665|1845
6597|4763
60626|2771
5025|8893
2316|3725
3275|3064
207|409
2908|5087
8452|10049
1840|1840
2316|5566
409|6416
1019|1029
6774|6774
1845|6850
207|7013
4193|4683
9531|7431
1020|3832
2768|387
5728|207
6648|7184
5566|7421
2885|6464
4087|4086
4891|4734
4609|4088
10542|6256
23411|8301
9474|9474
1855|1855
598|581
9448|55083
3066|23028
5310|1499
5243|5568
3725|476
7048|92
5052|983
1017|1739
26058|4609
6733|23560
2932|6198
10083|10083
5601|5599
3845|10174
1948|6386
408|3309
4193|6418
6416|5599
2776|2776
2648|5970
4092|1855
4627|4627
8829|7048
6794|2932
324|6872
23394|996
4771|5568
1956|222229
4734|836
51347|51347
55294|23077
23043|9612
3065|5599
23236|8525
4092|207
998|11135
6667|23126
4609|2648
3643|6464
6850|6196
4193|4734
1104|7189
6386|6418
7155|7421
3156|5566
1020|5829
57448|27429
6198|6198
7126|23028
5925|7157
51065|5936
5594|4086
1213|7186
8890|8890
114609|3654
6256|7025
6714|7442
1017|1832
9031|7421
5879|10152
2064|5300
5058|9474
10201|351
10783|7046
8646|4088
84447|7466
5595|476
4436|309
3091|7157
604|6667
85440|998
8841|207
3643|5747
604|23162
1499|2932
4205|3688
5599|6774
7023|328
1857|7186
408|83737
351|983
6714|7414
23126|351
5211|5566
5243|5566
1500|3728
4216|85458
3654|408
4609|5424
4303|23411
6418|891
4609|6881
1020|472
3476|2739
3707|8867
6714|6850
4851|51763
11315|581
472|55159
1948|5291
7046|5296
5716|387
598|7157
23077|5058
648|23394
891|983
26574|472
2932|5970
4000|983
23212|6194
3091|5728
22930|6257
1029|1958
114609|6774
5052|10449
5978|9479
4214|4214
6498|9612
6733|23077
8493|23028
4851|27339
7157|3309
2729|2730
6464|10381
10114|409
5728|5747
5595|5609
1017|7001
207|8837
81620|1017
4205|54984
208|25776
836|4193
5566|5914
7043|7048
5566|7431
8682|5594
2874|5595
27086|51231
1019|5424
207|5879
4087|5660
983|27429
4088|28996
4092|4609
4193|6194
10488|9076
5970|7431
4853|25942
581|842
1020|6714
5747|7431
207|2932
468|6196
4627|2534
324|4628
3065|10051
7067|6256
2065|2885
23162|5599
8452|34
1030|351
983|7027
3981|2316
196|7025
5566|9464
1017|5371
10572|818
208|331
4217|7532
7013|2305
4086|7046
6881|6597
3065|3065
2308|2308
2778|2778
27000|27000
9113|983
1832|3728
4851|5925
23411|207
28996|55294
7408|26999
6310|85458
10114|6498
55534|9794
1948|6714
10507|5364
4792|51065
7332|4092
4303|5599
4983|998
4436|6881
9935|468
8609|351
3301|7189
3984|2534
9031|6597
2648|8451
1020|5594
2885|5058
6794|9113
2885|5594
23411|1857
10783|998
23542|64854
81565|5048
5970|3091
3066|3091
5747|5310
10755|10755
9113|4734
9821|7157
6418|6418
11186|3397
4092|6502
4091|90
113878|4851
1027|5599
5663|55294
8890|8893
648|2624
1956|3306
5058|6794
4088|4851
4088|93649
3251|3251
7046|4851
8861|5716
2316|6885
7532|7248
331|10783
57026|408
4771|27352
2305|10592
996|9184
4087|6597
9113|9113
5728|5829
6720|983
6497|208
51100|83737
4087|6764
5604|6885
3667|7532
5058|5604
6714|6868
983|9918
5595|23513
4217|5608
5914|4193
57045|8646
23162|60626
5310|5310
7157|51499
1499|10076
8893|351
3064|9097
1956|207
5604|5781
3725|6774
960|7430
6453|1213
6667|7046
1499|5797
2534|6850
1020|8867
5921|6464
22862|351
1831|3725
7532|7531
5595|604
9531|7077
10572|7157
8452|585
5194|5830
10507|10507
23133|8697
983|5925
26574|5932
123879|8450
4609|9353
4088|5601
6885|5609
2932|3725
5608|79791
10755|8829
598|9474
1019|2648
5970|6670
26058|983
26574|4088
3572|3572
6667|7431
10460|79058
3065|54822
7419|7431
1832|1832
2932|3516
10459|10459
25945|51763
1605|2534
4087|6093
5879|9113
4000|5371
4734|2011
4216|6416
3762|3762
4193|328
27339|6651
5914|6777
468|5609
2885|10114
4296|5606
2534|6464
6597|7184
27113|598
57591|4088
8450|3309
9616|8452
57448|842
64802|23411
6667|3066
3708|5566
9531|4170
1855|4734
25945|25945
11130|1278
208|4303
79058|4905
6667|595
7332|7332
3064|9611
2065|6850
595|5925
4040|4040
3688|7423
23411|6774
2064|9479
585|5108
818|8682
10540|2932
5594|6256
6786|7220
55294|4170
1017|5424
4851|8697
10174|10783
57591|2932
196|1499
5599|64783
5025|8892
6497|476
573|9531
5747|6093
6733|4000
4193|7431
2768|2768
5747|6850
1051|5970
1956|2885
334|5290
864|3065
7703|7703
1956|5601
6881|9181
348|348
2645|9525
23363|23513
1213|57706
1956|3728
6885|57551
23077|4609
9531|24145
7126|7126
1956|4976
9101|57448
23560|4771
27000|4646
7013|6873
8892|8890
7332|196403
2771|7419
3725|604
9531|836
7161|153090
1956|1958
10316|10316
2908|5601
6777|6774
10783|2902
7157|7431
2059|5108
5925|4193
182|7057
4851|1499
6310|22809
5594|6667
1019|6929
5970|25855
1019|864
4683|7013
10818|6194
998|7046
8841|328
2064|55715
10253|1476
5310|6714
3708|983
5058|7048
2064|476
54822|54822
9531|55715
6774|6850
5581|25998
598|664
5921|6850
3309|4628
8451|81620
10253|6714
6464|6714
1500|1500
4216|4616
2064|6464
2932|10755
196|8450
7414|8301
836|7532
7157|3066
1500|1001
1020|27429
573|7157
5747|351
7186|56243
2309|23411
6416|5371
23043|9184
5566|7408
5991|7186
1956|2065
3643|6667
8890|1967
2624|3065
7048|5291
9611|9611
1845|5595
3309|3925
9612|7421
2534|6667
6733|6651
7001|7001
6498|5925
1017|6418
1029|5599
23363|25836
2885|3309
23405|51065
1213|5747
7431|818
4683|5291
2908|9612
8775|351
983|996
81542|7416
6310|2534
998|408
7048|6885
3685|8754
10449|351
6850|8841
3064|836
2885|5925
4296|22920
1909|2771
983|1027
7077|6623
4216|5781
4086|4734
7531|7531
5211|7186
23405|476
3801|10174
55083|4734
25942|8841
3066|7155
6929|8861
5568|7408
4771|9113
113878|113878
5970|4088
4851|4851
5595|3398
7157|3306
4092|7046
7157|23560
581|2932
2902|6670
6812|351
667|7040
324|476
408|7189
573|9612
10987|8451
1956|1490
11315|11315
6623|5595
3516|23394
3643|4085
4615|3654
4040|4864
3091|55294
10987|9577
4193|7161
5747|3667
351|84447
22800|4089
2316|2914
2534|309
81565|5829
5371|7161
7186|10572
57026|57026
2534|5566
5371|5595
5728|3306
472|7157
8312|8312
6885|331
3073|57620
9611|8841
3171|5925
2624|5594
51100|8867
5300|333
2885|81542
9184|7067
5048|11104
9611|1051
7186|4214
6812|1020
2885|1605
9531|7531
2064|5566
22800|4088
4609|9043
2768|4217
11221|2274
6497|7157
472|472
3091|7703
11315|65018
9612|9611
5829|5747
23162|4217
3516|4204
23394|26227
2778|2768
1977|1977
387|7046
2885|5601
4170|598
10672|4217
3667|5296
4088|51377
9531|2280
8452|4085
2308|7532
9531|581
51377|4000
27086|4628
207|472
8841|467
1831|4193
6497|207
1027|208
6502|207
9616|8451
5879|836
5568|7421
1001|1499
4088|3667
4665|8697
10488|3775
1956|208
4000|5581
1027|4609
2885|9324
7532|7532
648|26227
2534|3708
6670|7048
2885|6256
5422|5424
5660|5830
10987|1213
7532|7431
1876|7027
5300|4076
10114|7157
3685|3491
4217|5781
81930|9611
6733|64783
2274|56243
581|7416
5108|10152
3265|26524
10114|4294
5300|4087
3984|351
4086|6498
3725|9611
7532|10987
1967|1967
5594|8462
23560|7532
3275|5925
3171|3066
55294|1017
6777|9612
5300|891
57448|996
408|207
3725|4089
5932|8861
196|10672
207|1978
3091|10763
4214|972
595|983
1739|818
648|4076
5925|6872
2280|7046
595|1017
983|7001
6453|10253
8301|1213
7332|4792
51377|51377
23263|5879
7431|842
3633|3707
2064|1956
7248|207
3654|5599
5925|6597
7186|27429
23411|409
3301|5970
5426|7155
3845|3845
57551|2011
4087|10987
5371|864
2776|387
5797|1500
2932|467
2739|2739
648|55759
2932|5108
3725|491
6774|8820
5310|5566
6502|5925
5296|4627
4221|3065
5604|7531
4000|11325
5566|3065
6464|975
3655|10755
5606|5595
4086|1855
4216|8312
6929|9368
7431|351
8767|3275
5025|8891
351|5664
100|7161
1967|22809
5371|1874
4609|5538
1956|408
5879|4216
1948|491
2118|4089
5595|6256
5728|6794
1874|2274
79791|4193
207|1027
5921|836
983|488
2932|5595
7430|10449
207|6714
4616|891
351|9253
1956|5211
7048|90
6733|9531
2064|5660
1051|5601
3572|5781
3725|4436
9101|5728
8892|8891
10755|4646
2730|2771
7189|4217
7157|6597
6667|4628
6777|6777
409|23032
10987|3654
23542|6453
208|8682
9611|6497
1017|10174
4086|4091
9618|3832
1956|5781
7220|84876
7531|23095
4088|9184
10163|2534
4983|387
5581|6714
396|5058
9612|5970
4851|5594
8625|8625
23411|2648
7189|84231
579|25942
2744|30851
7189|960
23126|113878
998|128239
998|3925
2274|6868
1017|23557
5970|7157
34|5052
472|6794
5914|8092
51393|51393
2059|2885
7026|3065
8861|6049
8767|8837
604|7186
4851|182
351|351
1499|2898
7157|3065
382|6648
998|4628
7531|4628
5747|9113
2308|5058
2534|3728
5566|5663
239|4000
4089|91
6597|6774
777|777
8450|7157
5300|5566
4609|5371
28988|2874
5601|5604
26574|5925
5879|6418
10152|10174
7430|4771
7023|9618
1845|5594
5970|4851
9935|11130
6714|2059
387|6093
7421|6257
5604|6416
11315|7001
3397|6812
2908|9611
6259|983
5568|5663
23363|983
2950|4217
6714|9531
5601|5663
4088|10370
8301|3688
1027|2885
998|409
5829|7189
3675|7077
5818|5817
4609|5426
65018|65018
4734|6714
3065|5290
4085|351
8650|7157
7157|26058
328|11344
3066|6872
6418|351
324|667
409|408
1956|6416
4217|4217
23191|10163
65981|4040
472|5830
333|334
5599|6929
8452|5052
5581|5595
23162|5601
8820|9611
10818|5781
4214|2950
4294|23542
1956|5829
2908|5599
10579|2648
3801|351
10370|6774
6498|7046
1956|1020
1876|351
6093|6093
2308|5371
1017|10051
25942|8820
4221|4627
10987|8450
409|4734
3064|5978
29117|5296
2064|309
3675|7057
8829|7046
409|1500
396|6418
1499|3728
2902|3265
409|208
4771|7248
7186|7186
468|6194
961|6418
5594|3643
3065|25855
81542|7419
2308|1051
6093|7431
3364|10987
6667|6597
3725|5925
3364|4436
1020|2908
23394|6597
5595|9181
5371|5594
5566|1213
7421|4088
8727|10083
975|3688
5914|207
6464|5052
9479|9479
2316|2915
4170|7157
5371|3064
10152|10163
8682|5595
83737|2534
648|26058
1020|3725
81565|10460
348|6667
6885|83737
3065|1029
4792|6905
1027|1020
1019|595
79058|351
23162|836
324|2011
1020|10763
6196|5595
4193|4193
6386|11343
6667|5300
7431|7431
6774|2534
93649|93649
10270|6714
1385|23126
5058|983
26574|5970
7157|11130
6667|7048
8890|8891
5310|5829
4214|5609
2648|114609
4089|6497
5829|5829
4193|83737
4771|5566
4088|8312
2885|4000
3301|5660
488|488
10818|5058
51378|51378
7023|6670
3925|5601
23047|351
8767|7189
1499|25776
5599|83737
26227|6651
57591|6597
7157|7531
1499|208
1499|5607
648|7157
7186|153090
6464|4628
7416|348
8452|6733
23411|5925
4436|4436
1017|5594
4851|55759
2932|5747
4609|983
8650|1499
5818|25945
581|51100
648|8451
1027|5595
4851|9181
6714|2885
5581|604
6259|334
23363|7419
4214|51377
7518|3981
10049|9101
26574|4193
8452|5296
123879|8452
2534|996
5829|6868
4076|351
5300|4088
4092|8312
4086|6497
3654|9531
604|5371
1051|6670
3280|3398
3845|5290
91|4087
2064|5921
2648|2624
23028|6872
6774|23476
8312|1856
598|598
3066|3066
604|3801
891|5052
3265|153090
5747|5781
207|836
648|1876
1020|1020
6497|6497
6464|5747
6597|1499
3065|1876
5915|5915
9616|8450
5422|5426
7161|5566
10672|5568
207|7532
4087|5058
1856|1499
598|57142
207|4905
6497|3309
5140|5566
3667|6093
472|6872
5747|7248
51330|5879
1019|4609
3064|6198
5802|5802
409|4627
10152|10540
1499|2274
7157|4627
3251|6386
351|5300
3306|983
323|4089
4628|54822
6872|6872
2908|4193
6720|2648
1029|1029
5025|8890
5292|5243
1831|5970
9113|23513
5364|2885
3398|2626
23411|1385
1956|409
3398|3398
4170|983
23411|4683
208|57630
23363|27339
604|8613
2534|5921
7532|6651
3925|5599
23028|3516
2885|4088
27339|51377
4853|5663
4193|3725
6667|9611
324|3309
476|51065
1956|983
7157|5601
23636|324
57534|57534
7532|85440
7157|7157
23191|23191
91|4088
8312|1857
4609|476
7048|91
81620|983
1017|7161
2885|996
6497|28996
998|8891
836|4170
1499|864
3685|961
1948|2915
1956|83737
1500|351
5371|6934
6667|4627
1956|382
1856|207
2064|1499
6929|5925
7189|6885
2274|4087
196403|5601
8767|7186
54106|7189
5300|864
2885|8867
65018|6885
6714|9101
4976|351
8462|3065
996|2305
5879|6774
5530|836
1848|5594
4193|7184
998|7186
7189|9184
408|2316
2746|2746
5371|8312
1019|333
4627|4646
5911|7046
351|7532
5599|2950
10542|7155
2316|6196
598|7416
818|4088
4089|5594
6850|5829
11186|8451
472|57099
396|396
581|7161
2626|5595
5716|4000
7157|4221
8450|3065
23363|3301
1385|1958
998|4204
468|467
664|664
55636|29117
4905|9525
64151|5424
1956|5566
1027|6667
1956|476
4089|4303
1956|488
4734|10572
7220|7220
5716|396
1464|998
1874|5300
7001|6774
4088|3065
1874|2648
7421|6256
2626|5566
6597|6597
2914|2914
4294|5879
253980|7126
5296|6464
10987|3301
1020|7431
55294|5970
7531|7248
391|4086
1019|2305
1019|3925
9101|10449
26524|6502
1840|2885
1605|375790
9794|4853
4851|8650
5829|7414
4683|4436
2059|1855
10488|468
23363|5052
4216|5599
387|7220
5594|7416
57447|6198
7026|7026
333|333
5641|5641
26999|7532
2549|5594
598|665
4089|207
3725|2063
2771|309
5781|6714
6667|196
8697|23028
1605|6464
1948|8086
6714|2064
4851|4853
320|320
2885|4646
8452|5424
9531|11344
11344|7531
3983|7431
4609|7421
4609|5595
4436|472
3801|55031
5747|3280
2274|113878
2885|5194
208|4217
5660|5660
2309|5925
1977|1978
3065|9611
7157|581
4193|4303
27113|581
2932|4088
5608|5606
4792|9611
5566|6720
4086|4086
2908|7157
8301|5829
998|4853
2885|998
4609|6418
4628|5087
5601|891
6714|2316
4087|5599
1956|55715
10987|5424
9448|4214
3476|25942
3685|5829
1956|6256
4851|23028
4089|5058
595|7161
9479|23542
4609|4976
3065|3066
8451|8451
4609|8841
5595|5936
5925|573
2280|2280
10488|9145
9448|5921
396|387
207|2011
1213|23236
8452|3654
5594|2274
7013|7466
5819|5819
4086|4089
9451|7184
207|6416
1029|1031
9353|9353
10449|30851
6196|5594
5663|1020
5530|5530
4133|4734
7186|2316
5747|961
4092|1499
324|7175
5292|5970
5087|5300
2309|472
5052|7001
472|5970
5663|983
5566|842
51377|5052
3516|7026
34|6648
3066|595
472|648
3832|3832
2626|9464
10783|4089
9184|324
8452|9184
6256|8841
7067|7067
3925|5595
8452|5566
7421|4303
6310|9253
10987|7157
6717|6774
5606|5606
5879|4296
5921|3064
4088|4086
1956|3667
7414|10152
1213|2902
1385|6597
6786|983
4628|5970
983|5422
7126|387
774|774
2932|1385
5581|2768
2932|6251
4296|207
23405|23405
5609|2932
5830|65981
476|5566
23363|23636
2624|55294
3091|6597
23133|983
6786|84876
6256|6667
5300|283489
10221|5604
23411|7161
2624|8841
9611|3832
7046|90
4204|6670
836|996
546|4683
1031|7157
842|5925
4087|7161
9043|5599
22920|22920
30851|1499
5914|6257
6498|3065
1977|6198
7013|7184
960|2064
4205|667
4734|23043
409|1909
5599|1031
472|4683
207|4771
7408|7414
5925|7027
8452|648
960|7046
4193|26524
5781|5829
2885|8763
1104|1104
1017|5925
5664|598
1051|3065
1856|7186
8841|3091
2950|2950
4609|5604
90|4086
4294|4294
4615|6885
2885|3655
5296|8775
1739|55327
4086|2309
5595|7416
4665|5300
5797|5797
3064|8408
7046|7048
5601|6453
5595|9031
3667|207
2885|4133
5371|7155
4734|1956
55327|64398
2019|3725
598|85440
11186|9113
6714|983
5601|6256
1956|5296
2885|1213
8891|8891
5599|3265
1739|54910
3725|983
2746|4214
10987|1029
4294|6929
3171|10270
5879|7189
1464|5747
6667|5925
1956|5052
7421|23411
3065|7155
3275|3275
637|637
8892|8893
9612|3066
1385|3064
5594|1051
5747|6774
4087|10370
4088|207
6257|6257
26524|1499
6648|8767
1499|7430
5217|7189
6733|6717
396|5879
80824|5601
100|2885
2064|5296
7013|9531
472|11186
6386|23212
23411|328
4216|7175
51379|85440
4665|7186
1848|5595
11104|9113
1958|1051
324|324
4087|7013
4683|5932
3064|2118
3171|7157
2885|5291
2885|7018
6502|4609
818|4089
28988|28988
23363|7175
1020|6418
9183|4085
4282|9474
2885|5829
467|3065
7023|3065
2932|324
7186|4296
2885|309
5879|5879
3306|351
5371|4087
2065|2065
8452|1500
1019|1030
7161|10049
4646|1213
81620|81620
64130|64398
6464|3091
4615|7189
3309|9612
65018|7431
9097|55759
3064|7189
10987|6502
5914|5914
1490|7043
3065|3091
7518|7431
842|842
4627|960
2064|2064
604|25942
4193|8450
1956|23542
3913|5660
1956|2908
2885|4628
7186|3725
1017|4193
28996|4204
3667|5595
196|6597
324|26058
208|6416
4091|7046
585|5914
23411|5970
55715|6714
8312|5300
23028|7157
7186|64398
1029|7157
7057|961
6416|5932
7040|2280
1029|6597
10152|55740
6714|2065
8452|7532
7532|23095
23263|998
8452|1019
23636|1499
409|6194
8452|10540
91|4092
6464|6667
2908|1385
1956|2059
4609|27086
2932|2308
7184|34
320|6812
83706|5052
3476|9525
4089|2308
9794|9794
10987|8452
5581|5291
1874|3398
113878|196403
8452|23405
5310|2011
1832|842
8625|3064
2771|7431
4088|7046
57630|4296
5566|595
6714|9855
7531|7408
5300|7186
11130|3491
6310|7248
5604|4214
10572|4193
2305|2309
1499|9368
3202|2308
9181|5879
5599|334
4734|79058
7184|2064
29937|3728
657|2281
4089|1051
6774|467
2932|4296
8451|8450
51100|60626
6498|25942
5058|5058
4851|6597
9826|23654
11104|55031
8452|26039
7531|9612
5601|6386
6498|6498
208|581
3301|4214
3725|6497
6720|3398
65018|207
9113|331
1027|7248
3265|6714
2747|2747
1499|10987
961|664
5664|2274
331|196403
1017|5052
3707|51196
7414|81565
6376|7157
4734|3801
5292|864
9611|1385
960|972
4193|3091
7040|7040
60626|328
5747|5747
4436|7157
6597|5087
4193|207
10272|4089
2776|3357
5871|4296
4089|4092
1956|4905
3066|26039
604|604
5594|7175
207|998
5108|891
2898|2898
6868|5594
7048|9618
6597|93649
4193|8650
10572|598
648|81565
2534|55715
91|6256
4609|4221
382|64151
8697|10174
3066|7067
2776|9368
9612|6256
2534|196403
27429|8682
114609|4763
3091|5595
2534|5424
9546|1956
3654|4000
4303|207
2908|2932
2305|6667
328|6774
196403|6453
4851|3516
3065|34
10987|4089
1104|7157
10174|207
1385|7431
4088|4087
9344|6885
5538|7001
5599|207
1020|5747
4609|5970
5594|1062
836|396
6310|2118
8837|836
5781|6464
23236|3633
5664|9546
23405|6194
4088|2305
1958|7048
3725|3091
4217|5604
8452|27339
3725|9612
4609|10051
7416|8767
4296|9371
23236|81565
8837|8837
6196|6794
3845|5296
7421|2309
1017|23047
4734|4734
9618|9618
6717|6717
54820|54820
51196|8867
5292|4193
5914|6667
22920|6872
6453|382
5921|5921
7531|3301
1017|1874
1019|10763
5300|1760
5058|998
4092|657
3516|25942
4088|1855
196|196
5728|3728
6794|57026
5217|5217
4734|9616
23636|23636
4087|4644
23043|5048
84447|84447
5728|648
3643|6714
1270|348
3265|4763
5154|5154
5424|7155
2064|2885
23363|667
8727|7703
4609|7018
4609|23028
2534|2902
3265|10253
4087|2118
2274|3983
83737|83737
1051|5568
9474|23411
2045|2045
1019|5058
348|4133
8452|6194
604|9611
818|2902
4088|351
1956|2778
573|11315
2950|4193
1956|2889
23236|8867
208|351
3516|1104
4087|57669
4087|9324
3065|6597
2316|5664
2308|6714
2316|3728
351|6868
7013|57142
1019|4000
4088|1051
11130|9107
1017|26227
7184|7184
2908|6257
3685|6670
2534|2889
4214|7157
23542|284
382|351
309|3251
351|23542
5300|7157
4609|4087
6386|6386
51377|3309
7157|7155
23363|7531
23028|8841
10987|10270
4193|7332
4214|7431
1051|2908
5609|3725
4627|23303
6464|8613
1031|10174
51763|9612
9826|9826
6502|8452
8451|1499
3171|7025
1029|3091
1385|3065
6714|2534
5300|23636
26058|4076
1027|6196
1956|9184
3306|51377
208|10174
4296|10987
3728|5663
1856|7157
1978|6198
6733|328
1605|1605
4091|4092
351|23095
5781|5781
10460|7408
6774|5781
10592|64151
472|5911
7414|1605
4170|7189
100|6667
11186|2932
5594|6777
3265|3654
598|604
10459|8754
4627|4644
1499|7186
4193|2309
468|4193
2752|2752
2885|5290
4193|488
7332|5970
6198|207
8820|23028
4627|7414
382|2776
409|7532
9531|10253
6714|6774
3984|3984
6310|7531
5601|5609
11130|4085
3265|7161
239|239
1909|10987
2932|5604
1499|6714
3064|11221
84447|3156
11130|57669
4088|4092
4041|8312
1020|1499
351|4627
23580|351
7013|5217
2309|7531
8416|4734
3091|3091
26524|5108
983|6502
2316|5970
409|409
9531|8539
6850|6198
409|93649
2908|5594
2624|5914
22920|6651
5599|3667
5310|5311
10939|476
23047|983
3685|6667
2902|4133
9612|2874
2064|2065
23411|7157
409|8525
3984|5566
10672|1499
4089|7048
4628|7155
4193|4851
5048|54820
8452|253980
8841|8841
54106|6714
3667|5594
5594|57591
5300|5568
2309|7532
5879|57630
7157|7161
4193|351
9794|4851
2874|7157
5599|5914
595|8452
3654|8767
9531|10049
4088|2316
2305|222229
10987|1019
9927|9927
5970|5716
10987|3091
23043|5594
581|6667
1017|4076
842|983
472|3065
1385|5581
6259|5802
1605|5663
4609|2309
6310|6310
2534|351
11315|3066
836|6093
4734|3667
4089|2309
6885|6885
23580|7046
7025|9612
55294|25942
8452|6832
5606|351
7189|9618
25970|5594
7421|6714
6872|7157
836|28988
1019|1020
972|27230
7048|7048
5594|3398
5052|6648
92|3624
6714|6256
4087|28996
1956|25970
4665|4665
3984|5829
3064|29072
23162|23542
9479|6885
207|1499
657|2280
4294|7531
4089|7332
34|34
1499|2308
1017|22800
3476|351
207|4217
57142|7189
836|842
6667|1051
1020|595
6714|1605
4615|5211
5599|4088
1831|7157
1019|3725
7248|9531
27429|9525
3398|6929
207|5291
998|4216
10987|6714
5609|23542
983|10600
1500|2898
5530|207
3845|5371
27429|324
1956|2730
3688|3675
5663|6667
11325|351
5300|5932
5663|5664
6714|5829
3643|5581
55327|3983
10488|4644
4089|5595
7023|7026
1365|351
4087|6667
4221|7431
7157|2309
7430|5599
1956|3301
10755|23095
7532|4628
2932|7431
5829|836
2932|331
11221|5595
5728|9368
83737|637
1956|8650
472|51347
1213|6714
5371|7048
4193|408
7186|10253
5290|4087
2885|9220
4628|4627
6733|55201
6774|23028
7189|4296
9531|3306
5599|4609
8452|9525
7518|7518
4851|998
5599|5829
7157|7408
11315|598
9531|25945
4088|5307
5300|93986
2308|6597
960|2534
333|351
10987|2932
2549|6714
320|5663
3156|3156
9618|6198
5595|842
7057|5155
51379|51379
8301|6812
4087|3643
10987|23560
4205|836
6597|25942
23263|23560
972|351
331|331
1856|1856
2309|996
4088|4303
1031|1019
1499|23411
3280|23411
4193|55294
4133|4133
26271|996
2902|4627
3984|6093
4734|4217
2885|196403
8450|3728
11186|11186
1499|5599
4089|1855
2874|91404
6386|7189
5422|5422
1856|8322
998|3801
324|9371
891|5970
10253|23028
1831|1831
5296|5290
5058|3984
7157|4792
25988|7157
3725|351
4303|604
4000|5925
6794|351
2908|5970
5921|5829
2730|382
2885|4627
328|7189
5915|6257
81620|1019
2874|1385
1017|4170
2534|5781
9097|983
5296|5728
10174|10174
7532|9855
2932|5728
10159|10542
4170|5599
1385|7067
4214|28996
9097|598
2065|5290
2908|5371
81565|351
6597|7421
1019|7157
2059|3688
6416|3725
7175|7189
55294|6720
1956|7157
2534|2049
648|9618
1739|983
3265|54106
7161|4609
7832|6502
5052|5052
5217|3064
351|4296
637|581
382|5424
4217|153090
8452|23212
6497|26524
1017|6667
472|55201
10270|5970
3066|8820
3725|334
7189|207
7431|983
7026|9612
7046|6885
11130|351
3066|5925
7189|331
408|4214
1385|1385
4282|10987
4087|3066
8841|10488
5058|5829
51231|11344
5581|8650
387|5599
4193|11186
28996|26574
2820|7532
328|351
7189|83737
836|351
5371|5371
2309|5292
1500|2932
6670|7157
207|4851
7532|9181
7189|3654
1956|9183
5663|1500
581|4170
5291|1857
3065|8841
1856|5879
83737|4088
5290|9368
1032|351
6502|6502
4615|5879
6794|6794
55759|23560
998|998
4221|3066
9181|5052
23363|26574
7157|4086
5599|6453
4734|79176
10253|5781
3309|4627
57534|996
975|25998
382|4436
5871|4214
7414|3309
6794|6198
5371|6310
6310|29072
595|6774
648|648
4088|996
396|391
1020|4609
153090|2932
3065|3364
409|83737
3667|351
3251|7189
207|207
324|2316
8462|25942
4086|351
3725|7431
7189|7189
324|7157
4851|5290
2902|4763
3066|5371
6714|961
4086|7832
7157|1020
1019|1032
5601|5608
7189|3091
2549|5781
1020|5058
5829|2534
4609|2316
324|7532
5310|7414
1213|5829
2534|983
5300|9448
3065|579
1027|5292
476|7416
83706|6812
81620|7027
2932|5781
2908|5595
4193|5426
7157|10049
7013|6850
5371|25942
10899|351
5608|5594
25942|6774
6196|7157
6386|60626
573|598
8646|10253
328|9184
3983|7186
7067|595
51763|9794
1967|8892
1019|7431
7189|7046
10987|324
55327|324
208|208
6198|998
51347|7186
8767|6885
836|1499
1017|836
6416|5609
6774|8841
5830|5830
2534|3073
5594|604
3685|8613
222229|8451
4627|667
7157|11315
4436|6774
7157|6881
5566|5566
1051|5566
2885|6872
5371|5970
10163|10163
90|657
208|3064
5568|595
23476|6597
10460|2648
1017|2316
5025|1967
7126|8452
6850|6850
2889|3265
3728|2064
2771|7416
8450|223
3066|4792
1051|468
546|7157
2950|7186
23476|23411
9826|387
2776|2914
5119|6386
8452|2746
7046|83737
85458|351
1270|1270
7023|3066
10488|665
351|114609
5371|546
5594|2309
1051|5925
6257|7067
153090|8451
323|334
83737|1840
7148|7422
2648|2648
5364|207
408|4038
983|7157
5921|7248
4087|5594
1956|1967
4193|4615
9184|3065
2885|8646
22800|9181
207|57447
2624|7026
5925|5925
9616|9616
10114|7161
5595|8697
4771|26524
4853|5664
9611|25942
8451|8452
3516|5932
2316|2534
5594|595
5925|2305
1020|2065
4214|6194
6934|1499
5595|6416
4089|7027
6929|2648
23191|5217
2065|5296
864|3516
468|5970
1017|7157
1017|28988
5595|55294
1051|1051
5595|27429
604|3066
11315|3065
10221|5609
6929|23028
6502|11186
10494|57551
5716|5604
4221|6934
6310|11040
5566|80331
1978|983
4436|7155
51100|8754
5663|598
8697|8697
23363|26227
7023|7025
472|1031
2274|3688
5728|5052
6464|3301
3725|4646
83737|7161
182|57534
3643|409
6774|5594
25970|5595
331|396
6786|6786
5048|5048
4092|5608
10783|468
3491|3688
324|5568
25942|6497
4851|351
23481|23560
595|6714
30851|1840
5921|6714
579|4089
2118|351
4087|1499
3064|9474
2131|1270
7531|9101
8452|2950
3171|5606
960|6714
2280|5530
774|7332
2308|5914
1499|5566
1956|351
6777|2908
4088|4089
80824|5599
3066|4092
2308|2274
6667|6667
102|2885
3091|6774
1856|1857
998|4646
208|3654
960|3688
81620|891
6714|80725
7442|23557
7157|4000
3655|3688
5311|5311
408|4851
1956|64151
5371|5914
7157|8841
23476|2885
57448|57448
836|6667
23310|10051
5296|5291
7013|6623
26524|64398
472|6667
5594|476
2534|3685
6416|351
4088|2308
23230|2885
604|5300
28988|6850
4133|351
818|4087
3065|4792
6794|6597
2648|1017
3064|7157
6498|4087
207|2624
3725|10488
1027|8451
1856|409
5915|6256
2768|3685
7430|637
9531|8450
2820|6667
23095|3725
8451|5052
6310|1760
5424|6714
5728|65018
4905|4905
5290|207
3708|2280
6667|6714
1499|351
7023|8841
57142|57142
6497|5925
472|3091
208|7431
975|10381
8452|4905
10488|598
10174|56243
5300|7189
2316|983
5058|351
207|2065
7157|6194
23236|5581
9101|9101
1385|3725
4851|7155
2308|4193
4216|8767
3364|3251
10987|9184
1017|5422
4296|9479
6502|1027
23405|5936
6885|4091
207|3654
23191|7532
595|6872
3801|7431
5424|5426
8315|5604
7332|4734
5211|351
3655|3913
3265|3265
1948|5296
10449|7416
4734|207
153090|8312
6194|7532
6310|8462
3065|9612
1499|595
6416|6416
5970|1019
7531|1062
6667|4089
64802|64802
10763|7001
11315|4282
1213|1213
23705|23705
3725|5594
2118|3725
4214|3725
1031|333
4091|83737
4089|6498
5978|6597
396|998
23043|7189
983|55083
3398|23028
5140|5568
5300|7161
2131|2131
23263|387
4087|9611
9531|28988
6256|90
581|7001
55159|7184
972|4282
3476|6453
3065|5601
7189|7416
1385|10522
1956|7430
6733|6714
5914|5915
22800|2889
4627|5830
1856|9531
5747|1956
55159|4193
55083|79872
64854|223
7157|4087
3265|5155
51100|5566
25970|25970
55534|3516
6667|5970
6194|8451
2885|5296
6850|6667
1029|4609
1017|9043
3066|4204
6929|6929
657|4086
6259|5595
2771|2771
4627|11344
7189|2534
51379|23028
5058|5108
3725|4609
6714|7531
11104|10174
3725|3633
2932|5829
7048|983
26524|64783
23363|23028
7532|2011
6934|10459
1020|4000
6885|10572
27086|1104
324|7531
2274|3675
10542|7040
6733|3832
6310|7186
4221|6872
5594|6720
3801|23636
4734|10252
9531|4088
5728|996
5781|3667
2011|2011
7157|4646
4193|5970
8646|10252
7532|23077
1978|5595
5606|57551
9464|9464
3065|25942
1029|5371
5371|4193
6497|488
23236|51196
8312|4609
1874|4089
8312|3064
4086|3065
2064|4771
6418|2908
2771|4628
5879|23191
1956|1500
6464|3572
1958|4665
998|5599
4205|25970
7414|7431
7013|667
6198|351
7157|7027
4851|55294
5422|5925
6670|23126
8452|7531
5538|5052
5058|2316
467|26039
573|9611
1213|5119
6670|3065
2932|8893
3708|5594
93649|57591
23263|4087
5058|2064
26524|11186
476|7419
10488|664
5879|8697
7157|55159
3516|3066
23636|64151
3633|351
5925|5599
1856|10174
1956|10381
891|5422
51100|351
2932|408
1213|5970
25942|3309
207|5058
1499|7414
284|284
5599|6885
4087|5595
5911|90
9101|207
2932|5581
5300|55294
79594|7332
4609|7184
1017|396
657|657
6885|10987
6310|8301
4664|1958
51377|7001
113878|1840
93986|93986
7532|7414
6256|6256
409|7189
3708|6196
3845|8036
408|382
1104|23043
25942|3398
2778|4087
4771|3301
4088|2648
10987|4076
598|65018
3265|6453
7248|7431
6667|4088
10459|4085
3301|7186
6453|6453
23236|5595
5300|3725
23363|1104
23363|6651
6310|2889
7531|3667
648|6651
84447|3064
9043|29937
2316|7040
7157|6667
4087|51377
4851|331
4864|4864
4851|3714
5311|7220
5155|5155
2776|5290
4087|2648
57669|351
1500|7532
207|7431
468|468
4282|7189
5797|5802
1499|5664
23028|25942
8837|598
8625|9826
28996|579
1906|2624
23411|3725
5530|3725
7248|23126
2885|7431
4092|7157
5914|9611
3688|1605
408|6418
7048|657
10592|382
7161|5925
1032|6386
8408|79594
5970|3725
2885|11188
4087|8312
1967|8893
996|7027
6812|6464
7531|7414
9113|1978
1020|891
2064|5364
3309|4792
467|4088
54820|5594
7531|836
51377|9097
65018|7189
2746|2806
8451|3309
11130|11130
3572|6774
5664|8837
320|4851
4092|51377
43|43
637|5599
4646|4646
8450|3066
7186|25988
5364|5879
3975|8861
25942|28996
1956|10939
334|983
2885|9344
7148|7423
239|10221
604|9451
5566|10672
10488|467
6648|351
5817|5817
3171|64151
4092|83737
55636|6597
4609|51065
7408|55740
4214|8312
5594|5606
64130|320
2064|1213
23405|23560
1019|5925
1001|1001
3801|23028
2885|56243
6667|8861
5371|11315
23557|5566
83737|3725
9368|23236
2316|1213
1020|2746
4282|7157
2549|5595
7430|7430
6502|891
3655|5829
3708|7220
1017|476
4086|5058
3981|10592
5970|8841
7067|9612
7048|351
9531|637
6386|6714
2898|5566
4089|4087
23126|2885
5581|4627
1129|6418
1499|2648
55083|1739
3491|3655
1499|7048
64130|64130
4609|6872
208|7430
472|1385
408|573
8841|6597
2534|2534
84934|351
207|27429
7421|7421
5716|1019
7157|153090
207|842
10252|2885
467|5970
409|4628
2065|4193
1270|3572
604|9612
6259|7431
11188|3667
5609|7189
1051|2932
10818|6714
467|3725
1857|1857
960|960
56940|6416
9794|3516
408|333
1977|351
1956|9253
2885|6814
331|91
652|657
4609|5300
1051|818
1019|7046
10370|3091
9531|1476
4609|3091
351|9546
408|7531
6095|6095
4087|6256
10488|22800
7419|1213
4214|4792
998|5601
1956|5292
6774|10987
5594|842
5921|351
1499|2902
91|90
3983|351
1017|55083
4205|4205
23363|6597
4086|5911
5595|7157
11186|3265
648|26039
2898|64130
5296|4628
4771|23028
3675|3675
3913|5296
5601|6929
3981|11130
983|26271
10783|5300
7046|7046
3725|4734
6881|6872
5609|5609
4627|2771
5300|26574
81565|11104
1278|351
351|23481
10270|836
208|27429
23043|5911
10987|10987
1956|9181
4436|3728
5747|7157
1019|4088
408|7532
1385|10114
961|3688
3725|3725
5300|10522
7414|10174
4216|5608
9101|5119
1017|4627
10272|3624
3065|595
6733|23580
7157|4088
1956|5921
1832|5568
5978|3066
3265|7157
4040|2932
3801|3801
1856|83737
10076|3667
9183|351
182|4853
23363|7184
6259|5594
3685|7043
6720|6667
4085|9184
4092|10987
1029|10522
81565|998
9113|5728
2908|2908
5371|9612
9616|6502
64151|5423
5601|409
4609|23394
10459|283489
7048|5296
4088|26039
6872|6873
10076|10076
7186|9618
5879|128239
5970|4089
7161|23028
1909|1906
208|5879
8650|351
488|4853
8452|387
27429|27429
102|4085
5595|6774
7189|975
2064|6850
81620|8697
6885|2648
4734|657
4294|9371
2316|387
1017|1017
3725|1051
7013|7013
7025|6667
7421|7157
6257|774
5879|6198
23363|4000
23481|55759
1017|983
4609|4436
3066|25942
34|7001
4000|4088
6464|351
1017|5426
1831|3066
5802|5217
3725|9935
998|7157
4851|996
114609|818
4170|7416
652|652
83706|351
55327|320
26039|26039
3202|4086
7332|84231
81565|7531
409|5604
4609|2932
57448|836
3065|3516
6929|9464
8452|23481
1855|9531
3925|91404
4087|6717
4217|351
3832|8841
2778|10755
7048|5802
6885|6498
6670|3066
4609|6597
51330|7186
5119|9525
4221|6929
22800|90
408|5601
975|6194
1948|4763
4041|7057
5606|23162
207|25776
5291|5291
996|1499
4294|57630
1956|1499
598|57099
10763|55636
10163|998
6418|7189
51100|51100
8312|3728
1718|7157
3925|1027
10252|6774
207|9612
891|2305
7532|9253
998|5052
6464|6850
83737|4851
9368|9368
6497|375790
1956|1051
1500|6714
34|7416
1499|6667
2747|2746
3065|23028
4170|5595
4193|9448
3064|3301
5581|7442
998|9826
5581|7431
6464|1213
3643|2885
6259|23191
665|665
2885|9577
6774|5371
8841|5925
7155|7155
4609|9181
351|27242
4851|6093
6714|79872
1019|4087
51377|23028
8452|1476
7248|7430
4217|7164
2648|23162
5371|1977
4792|6714
2885|9611
1017|3725
324|1499
4905|5911
10221|6416
5604|983
2648|4851
2898|5568
6623|5594
4771|5829
5300|983
408|7157
5604|5608
4214|51065
7248|7248
3708|891
9612|5915
4085|324
5595|6670
3306|3309
23513|5594
324|353116
8452|23303
3516|7023
23542|5599
10152|10152
3516|4792
8775|57142
5594|6198
408|408
3708|5530
4092|5606
22920|324
23363|64783
4853|3714
1499|5601
818|2316
10049|408
5594|5604
324|4651
4609|8451
8841|5300
6259|1499
409|3984
1906|1906
396|3728
2932|11040
1017|10763
348|7001
4087|996
6667|6502
9918|10592
10592|23310
960|6774
5599|598
468|351
4627|85440
818|3925
1001|3728
468|2874
11186|4040
6733|5423
9448|5581
10987|4193
5581|10672
5594|5914
2885|7408
409|8322
2309|3091
23162|23162
10579|6257
581|5052
25988|3065
80331|7414
3643|4792
7126|9531
8452|6597
3643|5781
5595|5781
1027|5594
8452|10270
6667|1958
2885|5424
23263|391
1051|467
10763|23310
5663|836
842|3725
90|92
23363|3728
3064|1956
7189|3845
8775|4905
6885|4792
83737|8650
23560|6194
1956|5581
7416|7431
351|54984
8425|5879
2885|10540
2776|975
8452|351
581|581
10783|4905
11130|3801
5311|476
9031|7155
3301|3309
64854|6418
5747|2534
2908|5566
207|598
5300|1027
5310|7431
25942|6872
472|4092
51283|598
1017|4436
7186|7189
595|595
324|1856
4087|864
408|5296
7161|255488
6648|6648
8841|3725
2932|8312
23411|51065
6714|1027
5595|6850
1956|26227
5300|996
8452|7184
7532|4214
5217|7408
1956|3084
5108|25998
6498|996
2902|2902
939|3265
10253|4734
331|207
2932|5566
5581|6196
3476|8650
10592|10783
1385|2274
3280|6714
6310|9220
5594|2932
6774|5296
207|1385
2534|57142
4609|10049
3065|5978
2280|10152
836|5925
408|4217
9531|4216
23363|55023
6929|3066
10488|10488
1956|5291
10152|56243
10159|3728
2908|5530
34|476
4683|7518
7157|7532
2316|4644
2316|3983
836|5599
960|4771
5568|6714
6881|6873
4089|4091
90|3624
3832|6194
4853|6498
8450|7408
2308|983
5747|324
5290|3265
1840|4853
3397|6929
6453|8301
4205|8841
334|334
409|4217
5604|842
1948|1948
1855|5879
27032|6667
5747|5970
1017|54820
2932|4214
8451|4193
27032|6786
409|3066
2932|5607
4193|331
408|4627
207|9618
5058|4646
2932|6196
2648|4436
2908|6597
7157|5716
3065|5300
9531|196403
1956|6774
1104|10381
23133|3516
1213|2908
7048|2064
6714|6777
320|774
6256|6416
4609|2274
25942|3064
23363|11325
5829|3688
4609|3491
4734|5911
409|7431
2316|5879
3091|25942
5728|2771
114609|6885
1213|4792
5728|3301
328|5423
5371|3725
1739|1739
10174|5595
6667|7422
4734|2534
23411|23411
664|3065
6850|3066
9525|23230
5925|5932
1385|208
3091|4851
4627|7532
4000|7175
309|7431
573|7421
4214|5599
6198|3667
8312|7157
3983|7532
2932|595
5817|25945
5879|331
9183|4000
6934|864
3685|5747
1020|7430
1967|8891
334|351
92|92
351|2932
5599|7157
27339|8493
3643|10818
26524|26524
331|8767
3065|3280
7430|1739
4627|8301
7430|60626
51065|4193
4609|4000
5300|4170
1051|5599
5538|476
4851|472
1499|7046
4088|4088
1832|7431
5530|9097
4088|864
8452|64151
5970|3309
6667|4646
2059|2059
23476|9076
23212|7175
1874|4087
9531|7532
648|1500
3572|2885
3397|27000
22920|9371
5595|408
5217|25942
1857|83737
3925|983
4734|6850
4170|4170
1213|8650
9856|25970
4627|2778
3667|3667
604|2305
2915|5581
1603|4170
8450|3301
9043|6416
581|836
1019|6714
1104|333
2932|4086
7048|7040
467|6597
891|5925
5970|3065
10159|10159
6850|6885
10987|7431
4040|1499
11130|8891
2932|5663
6416|8837
408|6651
1956|2950
23043|6418
5155|6667
23043|7186
27339|64783
27086|9612
3925|5566
9184|3066
334|5581
2874|2874
3688|7057
4627|6764
8837|83737
328|3091
1956|5058
4214|1856
1385|1499
8452|818
3065|604
6667|9612
5048|10540
5568|7431
4087|5915
253980|253980
10152|23636
2274|4088
6714|23162
57142|9448
2534|5296
5879|1213
3667|8650
6667|26574
1855|1857
328|7186
5879|10083
7703|4000
4616|4217
2316|5747
488|818
2534|2908
64151|10051
22800|7186
11315|7189
3516|9611
408|6714
9531|3925
5599|6198
2885|5607
5663|4851
4296|5609
5604|5609
5608|7189
29117|6597
3064|3064
5595|5608
1845|351
207|476
998|4296
2064|3667
81929|8086
3084|2064
972|972
5090|25942
5601|9927
11221|5599
6093|2549
4851|23133
4205|7067
5829|5594
7532|9101
8301|836
5594|9181
9181|387
10572|351
6670|6667
7189|351
4089|3065
6464|4627
4088|6498
3624|91
5300|10152
2065|6464
5978|8829
1948|8890
1017|7027
6502|23409
1104|983
5371|6497
3667|3066
1956|128239
23363|1499
1017|7532
3065|4092
3171|4905
10270|595
2885|4214
80824|5594
1017|222229
26524|9113
409|3309
5594|10174
8452|1832
9612|4792
5424|983
4294|22920
23162|4296
1017|2305
6850|7430
1017|4282
5595|3064
55327|64130
408|10783
5595|3643
6416|4217
9611|6597
7157|55740
2059|4296
1017|5048
5595|5595
5664|836
1017|5663
408|1855
23363|2316
939|10572
54984|23560
5601|5606
1739|5728
207|2309
1062|9618
8829|5155
6497|6498
6850|3065
1017|7184
3728|6714
2771|83737
4296|23542
4205|3065
6733|2065
4041|65981
3280|6774
23542|23542
5604|7189
5566|7430
5371|7046
54106|3654
387|387
1857|3202
4627|3983
9479|80824
4853|55534
5601|6464
7013|328
9048|9048
23542|5936
23162|6416
6418|7157
2932|10522
7013|6418
1017|7531
4214|5595
1499|8312
7186|8837
7189|7332
2908|3725
7186|2932
5566|5925
4087|4092
3073|7430
55294|4609
6093|7430
4088|2309
7157|3301
5609|8837
1490|7422
5607|5607
5292|6774
2065|5747
5970|196
2932|93649
1385|5663
8452|5936
6667|10381
10370|328
2932|7157
818|818
10987|5601
5641|7189
2915|2915
3654|3301
65018|9821
207|2308
4665|10174
27429|65018
91|92
27339|11325
4303|1499
5595|7155
23032|408
5781|6777
4092|4092
9794|6597
8450|55023
5728|1499
7067|2874
5936|1977
1027|7186
6714|7532
7157|57448
1857|2011
2274|57630
54106|6850
8841|4792
4296|4296
7161|4085
7157|85440
25970|2885
1499|5300
983|5371
8312|6497
5243|5581
29117|7157
23363|23560
5058|5594
6714|8525
2065|5781
3364|6386
83737|7332
5371|1499
1956|8450
2011|9181
8312|4040
9479|3725
4087|9184
6667|3725
1956|6777
1017|5879
7408|10152
9101|9525
467|4087
1876|7703
408|8312
8452|1213
6885|4088
5818|5818
81565|983
7532|8450
387|4193
6714|6714
9618|255488
10818|2885
3667|23411
3925|5594
7161|983
3832|23560
6597|3066
7189|114609
65018|3832
28996|5371
6670|7422
983|2624
8036|351
3984|3084
4089|6502
3065|6497
1832|5566
4627|85458
1874|4088
9618|8767
5599|351
5194|5194
5594|5581
3476|5879
2274|3728
4771|4771
3265|5604
3725|4205
2908|3066
2534|5581
5211|5211
4000|6386
5108|1213
2280|351
81620|9031
8650|891
1017|207
6733|351
9612|6597
3801|4665
4792|387
5599|5609
998|79872
391|4296
7408|7408
2747|4609
7414|1213
10540|10540
5530|7531
5601|5925
4609|1500
23162|5609
4734|26524
2885|6667
1017|1027
5364|387
6885|3654
3301|6885
5594|81565
5530|8867
9464|10987
7421|90
5566|83737
7414|7414
3065|2736
331|3654
60626|2776
4088|7161
3688|5310
8493|4193
6667|1019
5595|5829
5087|4193
23363|23481
6667|3091
1857|5307
2308|4303
3688|5747
2624|6774
10542|972
6667|891
1876|1876
3572|5604
23363|7155
467|2274
2885|9826
2776|2778
51065|8890
3667|1856
387|3708
5426|983
6667|4204
153090|55294
8452|3309
1956|3685
6597|5371
1956|323
5594|891
8452|396
3728|5310
6497|5052
4088|7027
10494|351
1499|1017
56246|56246
5728|7332
5108|1832
3725|4905
1956|7184
81565|10540
6259|7157
3667|5290
1906|3725
27113|4170
387|85440
3688|9448
7164|3065
409|5595
7430|5747
4087|7175
4609|3654
3633|51196
1956|9101
8408|9821
2874|3065
27429|351
2274|6667
6714|4193
1017|1213
1017|5058
604|23303
81930|6929
3667|5581
7161|7161
8452|2316
6502|472
3654|7408
1958|55023
9113|64398
7046|8312
2624|4089
1129|1129
7157|1213
387|637
3265|7175
10572|1029
5914|3066
4214|5601
23363|9448
1017|7416
1856|6714
472|57551
1051|5595
23133|351
1027|595
4087|4734
5290|4088
27429|331
7532|8567
9612|6310
2885|3265
6196|6196
7186|55083
3925|6774
3516|2648
4615|4615
1948|8893
3667|6464
6850|351
1017|6929
5601|3725
2885|7531
1213|476
7186|10783
2768|8775
7157|2316
2744|382
472|3981
9531|2885
5970|5970
5371|5925
25855|25855
28996|4193
6386|10152
10987|3309
10159|8650
4092|6934
2778|24145
207|581
1956|7442
3309|3309
207|3064
91|2280
1845|5154
5595|93986
3572|2065
5604|5606
7013|5052
208|4193
10818|2889
7043|7043
27339|27339
10253|10253
7184|7157
5594|56940
5595|5594
5594|4214
10987|27339
11221|5601
8829|7422
387|4087
1385|4204
3065|546
2902|5911
323|333
4609|488
8312|324
1956|9525
5599|7186
51196|8525
8451|6502
8625|4000
6667|6774
7421|3725
9611|6256
90|90
23411|6873
3667|488
2064|85440
3091|5925
3643|5921
2274|4089
7067|9611
8452|3301
1017|3728
7422|7422
3688|4771
996|4085
84447|3309
9531|7332
408|23481
4609|7332
3476|29937
11344|396
55294|5728
1831|2309
604|9107
7248|85440
5747|667
10987|3725
6310|8861
2648|1051
3066|8841
1019|5604
2316|4646
9618|6885
84231|84231
4294|7018
8322|9368
7025|7067
409|6885
2885|2950
5581|2011
1278|5155
9826|5364
7046|7043
2932|5568
4294|6416
5925|1874
7157|28996
4133|4193
4086|26039
6714|998
3708|207
10987|4609
4282|4282
7184|1213
5595|3725
5601|598
5970|6256
2316|5663
7040|7057
23405|8890
7026|4089
208|4296
3309|5296
5108|57534
5970|4221
1017|5936
5970|1958
2648|6873
1874|25942
6885|5970
3251|9474
2534|5310
891|7161
2885|64783
4089|8767
1029|9474
81620|79791
648|4683
5608|6416
472|4193
5747|7414
2776|5538
3066|9611
1958|4193
3065|328
3725|4133
5310|476
2063|2908
5925|7421
23043|6934
10159|391
1017|324
4792|9043
3925|4763
472|1978
55327|55083
6416|5594
7186|6885
2902|6667
6095|1051
2534|1213
3667|598
23236|54822
3725|55294
2885|5052
23363|5936
1062|1062
2932|4216
5290|5728
3707|5566
5879|4734
7046|91
5594|5599
2059|6464
4092|90
9043|9043
2274|6774
4091|657
5879|1760
